ensg	name	enst	loc	tss_loc	strand	type	gc
ENSG00000112715	VEGFA	ENST00000230480	chr6:43771992-43784935	chr6:43771992-43771992	1	protein_coding	54.38066465256798
ENSG00000165197	VEGFD	ENST00000297904	chrX:15345591-15384376	chrX:15384376-15384376	-1	protein_coding	43.29896907216495
ENSG00000173511	VEGFB	ENST00000309422	chr11:64234538-64238793	chr11:64234538-64234538	1	protein_coding	66.73913043478261
ENSG00000150630	VEGFC	ENST00000507638	chr4:176689300-176729592	chr4:176729592-176729592	-1	protein_coding	42.81949934123847
