ensg	name	enst	loc	tss_loc	strand	type	gc
ENSG00000105329	TGFB1	ENST00000221930	chr19:41330323-41353911	chr19:41353911-41353911	-1	protein_coding	63.45250993138317
ENSG00000119699	TGFB3	ENST00000238682	chr14:75958202-75981191	chr14:75981191-75981191	-1	protein_coding	53.21173671689136
ENSG00000171119	NRTN	ENST00000303212	chr19:5823802-5828324	chr19:5823802-5823802	1	protein_coding	69.97294860234446
ENSG00000156574	NODAL	ENST00000287139	chr10:70432315-70441667	chr10:70441667-70441667	-1	protein_coding	55.61561561561561
ENSG00000243709	LEFTY1	ENST00000272134	chr1:225886282-225889146	chr1:225889146-225889146	-1	protein_coding	62.17712177121771
ENSG00000163235	TGFA	ENST00000295400	chr2:70447280-70554015	chr2:70554015-70554015	-1	protein_coding	45.870069605568446
ENSG00000168621	GDNF	ENST00000326524	chr5:37812677-37839680	chr5:37839680-37839680	-1	protein_coding	48.661417322834644
ENSG00000143768	LEFTY2	ENST00000366820	chr1:225936604-225941489	chr1:225941489-225941489	-1	protein_coding	59.42282466112812
ENSG00000092969	TGFB2	ENST00000366930	chr1:218346235-218444619	chr1:218346235-218346235	1	protein_coding	38.55906621050514
