ensg	name	enst	loc	tss_loc	strand	type	gc
ENSG00000124205	EDN3	ENST00000311585	chr20:59300443-59325992	chr20:59300443-59300443	1	protein_coding	52.241054613935965
ENSG00000127129	EDN2	ENST00000372587	chr1:41478775-41484671	chr1:41484671-41484671	-1	protein_coding	59.46817082997583
ENSG00000078401	EDN1	ENST00000379375	chr6:12290363-12297194	chr6:12290363-12290363	1	protein_coding	45.05656665027053
