ensg	name	enst	loc	tss_loc	strand	type	gc
ENSG00000064205	WISP2	ENST00000190983	chr20:44715245-44727811	chr20:44715245-44715245	1	protein_coding	63.79187455452602
ENSG00000104415	WISP1	ENST00000220856	chr8:133191137-133228064	chr8:133191137-133191137	1	protein_coding	54.68879668049793
ENSG00000112761	WISP3	ENST00000230529	chr6:112054075-112069680	chr6:112054075-112054075	1	protein_coding	45.991902834008094
ENSG00000136999	NOV	ENST00000259526	chr8:119416306-119424353	chr8:119416306-119416306	1	protein_coding	46.82791435368755
ENSG00000186838	SELENOV	ENST00000335426	chr19:39515113-39520686	chr19:39515113-39515113	1	protein_coding	61.326291079812215
ENSG00000118523	CTGF	ENST00000367976	chr6:131948176-131951373	chr6:131951373-131951373	-1	protein_coding	51.474989311671656
