ensg	name	enst	loc	tss_loc	strand	type	gc
ENSG00000108342	CSF3	ENST00000225474	chr17:40015444-40017813	chr17:40015444-40015444	1	protein_coding	59.37707090788602
ENSG00000164400	CSF2	ENST00000296871	chr5:132073790-132076170	chr5:132073790-132073790	1	protein_coding	50.31766200762389
ENSG00000167107	ACSF2	ENST00000300441	chr17:50426158-50474835	chr17:50426158-50426158	1	protein_coding	57.04697986577181
ENSG00000176715	ACSF3	ENST00000317447	chr16:89093809-89155763	chr16:89093809-89093809	1	protein_coding	62.00873362445415
ENSG00000184371	CSF1	ENST00000329608	chr1:109910633-109930992	chr1:109910633-109910633	1	protein_coding	59.45368171021378
