ensg	name	enst	loc	tss_loc	strand	type	gc
ENSG00000122641	INHBA	ENST00000242208	chr7:41685114-41703108	chr7:41703108-41703108	-1	protein_coding	39.11609498680739
ENSG00000123999	INHA	ENST00000243786	chr2:219572195-219575713	chr2:219572195-219572195	1	protein_coding	62.874659400544964
ENSG00000139269	INHBE	ENST00000266646	chr12:57455321-57458008	chr12:57455321-57455321	1	protein_coding	53.931659118979006
ENSG00000175189	INHBC	ENST00000309668	chr12:57434760-57450828	chr12:57434760-57434760	1	protein_coding	54.467871485943775
ENSG00000163083	INHBB	ENST00000295228	chr2:120346143-120351808	chr2:120346143-120346143	1	protein_coding	56.67915106117354
