ensg	name	enst	loc	tss_loc	strand	type	gc
ENSG00000130755	GMFG	ENST00000253054	chr19:39328365-39336028	chr19:39336028-39336028	-1	protein_coding	50.0
ENSG00000197045	GMFB	ENST00000358056	chr14:54474485-54489196	chr14:54489196-54489196	-1	protein_coding	34.52685421994885
ENSG00000134259	NGF	ENST00000369512	chr1:115285918-115338236	chr1:115338236-115338236	-1	protein_coding	54.5367717287488
