ensg	name	enst	loc	tss_loc	strand	type	gc
ENSG00000122705	CLTA	ENST00000242285	chr9:36190937-36212059	chr9:36190937-36190937	1	protein_coding	53.732638888888886
ENSG00000175416	CLTB	ENST00000310418	chr5:176392455-176416569	chr5:176416569-176416569	-1	protein_coding	63.37448559670782
ENSG00000117560	FASLG	ENST00000340030	chr1:172659144-172666075	chr1:172659144-172659144	1	protein_coding	52.67175572519084
ENSG00000226979	LTA	ENST00000418386	chr6:31572283-31574324	chr6:31572283-31572283	1	protein_coding	56.68073136427567
ENSG00000227507	LTB	ENST00000429299	chr6:31580555-31582425	chr6:31582425-31582425	-1	protein_coding	64.43701226309922
ENSG00000232810	TNF	ENST00000449264	chr6:31575567-31578336	chr6:31575567-31575567	1	protein_coding	54.295942720763726
