ensg	name	enst	loc	tss_loc	strand	type	gc
ENSG00000180875	GREM2	ENST00000318160	chr1:240489573-240612149	chr1:240612149-240612149	-1	protein_coding	47.721822541966425
ENSG00000124479	NDP	ENST00000378062	chrX:43948776-43973504	chrX:43973504-43973504	-1	protein_coding	45.226404800872885
ENSG00000147869	CER1	ENST00000380911	chr9:14719724-14722717	chr9:14722717-14722717	-1	protein_coding	47.73662551440329
ENSG00000166923	GREM1	ENST00000560830	chr15:32718004-32733302	chr15:32718004-32718004	1	protein_coding	47.922960725075534
