ensg	name	enst	loc	tss_loc	strand	type	gc
ENSG00000119630	PGF	ENST00000238607	chr14:74941858-74955577	chr14:74955577-74955577	-1	protein_coding	63.555818074424096
ENSG00000145431	PDGFC	ENST00000274071	chr4:156761614-156971315	chr4:156971315-156971315	-1	protein_coding	41.04452628054905
ENSG00000170962	PDGFD	ENST00000302251	chr11:103907189-104164379	chr11:104164379-104164379	-1	protein_coding	41.16485686080948
ENSG00000100311	PDGFB	ENST00000331163	chr22:39223359-39244751	chr22:39244751-39244751	-1	protein_coding	60.594795539033456
ENSG00000197461	PDGFA	ENST00000354513	chr7:498309-519394	chr7:519394-519394	-1	protein_coding	60.93272171253823
