ensg	name	enst	loc	tss_loc	strand	type	gc
ENSG00000017427	IGF1	ENST00000307046	chr12:102417491-102480563	chr12:102480563-102480563	-1	protein_coding	45.21422060164084
ENSG00000129965	INS-IGF2	ENST00000356578	chr11:2132538-2161209	chr11:2161209-2161209	-1	protein_coding	60.78546307151231
ENSG00000167244	IGF2	ENST00000381406	chr11:2129112-2138974	chr11:2138974-2138974	-1	protein_coding	58.85306043637768
ENSG00000284779	IGF2	ENST00000476874	chr11:2148934-2158336	chr11:2158336-2158336	-1	protein_coding	62.03319502074689
