ensg	name	enst	loc	tss_loc	strand	type	gc
ENSG00000111537	IFNG	ENST00000229135	chr12:68154768-68159747	chr12:68159747-68159747	-1	protein_coding	35.960591133004925
ENSG00000147896	IFNK	ENST00000276943	chr9:27524314-27526498	chr9:27524314-27524314	1	protein_coding	39.29824561403509
ENSG00000184995	IFNE	ENST00000448696	chr9:21480839-21482313	chr9:21482313-21482313	-1	protein_coding	35.45762711864407
