ensg	name	enst	loc	tss_loc	strand	type	gc
ENSG00000158458	NRG2	ENST00000289409	chr5:139847917-140043069	chr5:140043069-140043069	-1	protein_coding	66.78500986193295
ENSG00000157168	NRG1	ENST00000287842	chr8:32548635-32764407	chr8:32548635-32548635	1	protein_coding	51.35135135135135
ENSG00000185737	NRG3	ENST00000372142	chr10:81877687-82986967	chr10:81877687-81877687	1	protein_coding	42.69770408163265
ENSG00000169752	NRG4	ENST00000394907	chr15:75943009-76012444	chr15:76012444-76012444	-1	protein_coding	39.86194995685936
